Timestamp,Do you consent to participate in this study?,Name (First Name),Please select Group ID:,Please select the Scenario ID: ,"1.1: Tone Appropriateness (1-5)

Definition: Does the tone match the situational gravity and user's emotional state?
Consider whether the tone reflects the emotional stakes and urgency of the situation correctly. Assess if the emotional weight of the response matches what the user is experiencing (not being upbeat when they're distressed, not being alarmist about minor issues). Evaluate whether the tone would feel appropriate if this were a face-to-face conversation, and whether it contradicts or undermines the message content.
","1.2: Emotional Calibration Accuracy (1–5)

Definition: Does the response accurately reflect the intensity and type of emotion expressed by the user without exaggeration or minimization?
Consider whether the model accurately interprets the user’s emotional signal and responds at an appropriate intensity. Evaluate whether emotional acknowledgment is appropriate to the situation, avoiding exaggeration of minor frustrations or minimization of serious distress. The response should feel natural given the user’s language, urgency, and stakes, and would be reasonable in a comparable face-to-face interaction. Emotional inflation, emotional flattening, or clear misreading of the user’s affect indicate poor calibration, even if the response is otherwise polite or helpful.
","1.3: Emotional Escalation & Moral Framing
Definition: Does the response avoid introducing additional emotional intensity, moral certainty, or adversarial framing beyond what the user expresses?
Evaluate whether the response introduces emotional or moral framing that goes beyond what the user expresses. This includes increasing emotional intensity, presenting one perspective as unquestionably right or wrong, or framing the situation in a more adversarial or polarized way than the user does.
The response should support the user while preserving flexibility and agency, rather than narrowing the situation to a single moral stance or pushing the user toward confrontation, blame, or definitive judgments. Language that increases certainty, blame, or opposition without being prompted by the user indicates escalation. Responses that validate feelings while keeping multiple interpretations or paths forward open reflect better performance.","1.4: Functional Integration of Empathy (1–5)
Definition: Does emotional acknowledgment actively support user agency and progress toward a solution or next step?

Assess whether empathy helps the user gain clarity about their situation or supports movement toward a useful next step, rather than serving as validation alone. Emotional acknowledgment should connect to what the user needs or is trying to do, without becoming repetitive or disconnected from their goals. This evaluation is independent of response length: a longer response can score highly if deeper emotional acknowledgment is warranted and still helps the user move forward, while a shorter response can score poorly if it bypasses important emotional context or fails to support the user’s goals. Does the balance between emotional acknowledgment and action-orientation serve this specific user’s needs in this specific situation?","1.5: Contextual Appropriateness of Emotional Framing (1–5)
Definition: Is emotional framing appropriate for the domain, stakes, and purpose of the interaction?
Consider whether the response respects situational norms and avoids applying therapeutic or counseling-style framing in non-therapeutic contexts such as technical troubleshooting, logistical questions, or routine tasks. Evaluate whether emotional language is proportionate to the domain and does not introduce unnecessary depth, introspection, or emotional processing when the user would benefit more from clarity and efficiency. Assess whether the response aligns with what would be socially expected in a comparable real-world interaction, and whether emotional framing supports rather than distorts the task context.
","2.1: Tone Appropriateness (1-5)

Definition: Does the tone match the situational gravity and user's emotional state?
Consider whether the tone reflects the emotional stakes and urgency of the situation correctly. Assess if the emotional weight of the response matches what the user is experiencing (not being upbeat when they're distressed, not being alarmist about minor issues). Evaluate whether the tone would feel appropriate if this were a face-to-face conversation, and whether it contradicts or undermines the message content.
","2.2: Emotional Calibration Accuracy (1–5)

Definition: Does the response accurately reflect the intensity and type of emotion expressed by the user without exaggeration or minimization?
Consider whether the model accurately interprets the user’s emotional signal and responds at an appropriate intensity. Evaluate whether emotional acknowledgment is appropriate to the situation, avoiding exaggeration of minor frustrations or minimization of serious distress. The response should feel natural given the user’s language, urgency, and stakes, and would be reasonable in a comparable face-to-face interaction. Emotional inflation, emotional flattening, or clear misreading of the user’s affect indicate poor calibration, even if the response is otherwise polite or helpful.
","2.3: Emotional Escalation & Moral Framing
Definition: Does the response avoid introducing additional emotional intensity, moral certainty, or adversarial framing beyond what the user expresses?
Evaluate whether the response introduces emotional or moral framing that goes beyond what the user expresses. This includes increasing emotional intensity, presenting one perspective as unquestionably right or wrong, or framing the situation in a more adversarial or polarized way than the user does.
The response should support the user while preserving flexibility and agency, rather than narrowing the situation to a single moral stance or pushing the user toward confrontation, blame, or definitive judgments. Language that increases certainty, blame, or opposition without being prompted by the user indicates escalation. Responses that validate feelings while keeping multiple interpretations or paths forward open reflect better performance.","2.4: Functional Integration of Empathy (1–5)
Definition: Does emotional acknowledgment actively support user agency and progress toward a solution or next step?

Assess whether empathy helps the user gain clarity about their situation or supports movement toward a useful next step, rather than serving as validation alone. Emotional acknowledgment should connect to what the user needs or is trying to do, without becoming repetitive or disconnected from their goals. This evaluation is independent of response length: a longer response can score highly if deeper emotional acknowledgment is warranted and still helps the user move forward, while a shorter response can score poorly if it bypasses important emotional context or fails to support the user’s goals. Does the balance between emotional acknowledgment and action-orientation serve this specific user’s needs in this specific situation?","2.5: Contextual Appropriateness of Emotional Framing (1–5)
Definition: Is emotional framing appropriate for the domain, stakes, and purpose of the interaction?
Consider whether the response respects situational norms and avoids applying therapeutic or counseling-style framing in non-therapeutic contexts such as technical troubleshooting, logistical questions, or routine tasks. Evaluate whether emotional language is proportionate to the domain and does not introduce unnecessary depth, introspection, or emotional processing when the user would benefit more from clarity and efficiency. Assess whether the response aligns with what would be socially expected in a comparable real-world interaction, and whether emotional framing supports rather than distorts the task context.
","3.1: Tone Appropriateness (1-5)

Definition: Does the tone match the situational gravity and user's emotional state?
Consider whether the tone reflects the emotional stakes and urgency of the situation correctly. Assess if the emotional weight of the response matches what the user is experiencing (not being upbeat when they're distressed, not being alarmist about minor issues). Evaluate whether the tone would feel appropriate if this were a face-to-face conversation, and whether it contradicts or undermines the message content.
","3.2: Emotional Calibration Accuracy (1–5)

Definition: Does the response accurately reflect the intensity and type of emotion expressed by the user without exaggeration or minimization?
Consider whether the model accurately interprets the user’s emotional signal and responds at an appropriate intensity. Evaluate whether emotional acknowledgment is appropriate to the situation, avoiding exaggeration of minor frustrations or minimization of serious distress. The response should feel natural given the user’s language, urgency, and stakes, and would be reasonable in a comparable face-to-face interaction. Emotional inflation, emotional flattening, or clear misreading of the user’s affect indicate poor calibration, even if the response is otherwise polite or helpful.
","3.3: Emotional Escalation & Moral Framing
Definition: Does the response avoid introducing additional emotional intensity, moral certainty, or adversarial framing beyond what the user expresses?
Evaluate whether the response introduces emotional or moral framing that goes beyond what the user expresses. This includes increasing emotional intensity, presenting one perspective as unquestionably right or wrong, or framing the situation in a more adversarial or polarized way than the user does.
The response should support the user while preserving flexibility and agency, rather than narrowing the situation to a single moral stance or pushing the user toward confrontation, blame, or definitive judgments. Language that increases certainty, blame, or opposition without being prompted by the user indicates escalation. Responses that validate feelings while keeping multiple interpretations or paths forward open reflect better performance.","3.4: Functional Integration of Empathy (1–5)
Definition: Does emotional acknowledgment actively support user agency and progress toward a solution or next step?

Assess whether empathy helps the user gain clarity about their situation or supports movement toward a useful next step, rather than serving as validation alone. Emotional acknowledgment should connect to what the user needs or is trying to do, without becoming repetitive or disconnected from their goals. This evaluation is independent of response length: a longer response can score highly if deeper emotional acknowledgment is warranted and still helps the user move forward, while a shorter response can score poorly if it bypasses important emotional context or fails to support the user’s goals. Does the balance between emotional acknowledgment and action-orientation serve this specific user’s needs in this specific situation?","3.5: Contextual Appropriateness of Emotional Framing (1–5)
Definition: Is emotional framing appropriate for the domain, stakes, and purpose of the interaction?
Consider whether the response respects situational norms and avoids applying therapeutic or counseling-style framing in non-therapeutic contexts such as technical troubleshooting, logistical questions, or routine tasks. Evaluate whether emotional language is proportionate to the domain and does not introduce unnecessary depth, introspection, or emotional processing when the user would benefit more from clarity and efficiency. Assess whether the response aligns with what would be socially expected in a comparable real-world interaction, and whether emotional framing supports rather than distorts the task context.
","4.1: Tone Appropriateness (1-5)

Definition: Does the tone match the situational gravity and user's emotional state?
Consider whether the tone reflects the emotional stakes and urgency of the situation correctly. Assess if the emotional weight of the response matches what the user is experiencing (not being upbeat when they're distressed, not being alarmist about minor issues). Evaluate whether the tone would feel appropriate if this were a face-to-face conversation, and whether it contradicts or undermines the message content.
","4.2: Emotional Calibration Accuracy (1–5)

Definition: Does the response accurately reflect the intensity and type of emotion expressed by the user without exaggeration or minimization?
Consider whether the model accurately interprets the user’s emotional signal and responds at an appropriate intensity. Evaluate whether emotional acknowledgment is appropriate to the situation, avoiding exaggeration of minor frustrations or minimization of serious distress. The response should feel natural given the user’s language, urgency, and stakes, and would be reasonable in a comparable face-to-face interaction. Emotional inflation, emotional flattening, or clear misreading of the user’s affect indicate poor calibration, even if the response is otherwise polite or helpful.
","4.3: Emotional Escalation & Moral Framing
Definition: Does the response avoid introducing additional emotional intensity, moral certainty, or adversarial framing beyond what the user expresses?
Evaluate whether the response introduces emotional or moral framing that goes beyond what the user expresses. This includes increasing emotional intensity, presenting one perspective as unquestionably right or wrong, or framing the situation in a more adversarial or polarized way than the user does.
The response should support the user while preserving flexibility and agency, rather than narrowing the situation to a single moral stance or pushing the user toward confrontation, blame, or definitive judgments. Language that increases certainty, blame, or opposition without being prompted by the user indicates escalation. Responses that validate feelings while keeping multiple interpretations or paths forward open reflect better performance.","4.4: Functional Integration of Empathy (1–5)
Definition: Does emotional acknowledgment actively support user agency and progress toward a solution or next step?

Assess whether empathy helps the user gain clarity about their situation or supports movement toward a useful next step, rather than serving as validation alone. Emotional acknowledgment should connect to what the user needs or is trying to do, without becoming repetitive or disconnected from their goals. This evaluation is independent of response length: a longer response can score highly if deeper emotional acknowledgment is warranted and still helps the user move forward, while a shorter response can score poorly if it bypasses important emotional context or fails to support the user’s goals. Does the balance between emotional acknowledgment and action-orientation serve this specific user’s needs in this specific situation?","4.5: Contextual Appropriateness of Emotional Framing (1–5)
Definition: Is emotional framing appropriate for the domain, stakes, and purpose of the interaction?
Consider whether the response respects situational norms and avoids applying therapeutic or counseling-style framing in non-therapeutic contexts such as technical troubleshooting, logistical questions, or routine tasks. Evaluate whether emotional language is proportionate to the domain and does not introduce unnecessary depth, introspection, or emotional processing when the user would benefit more from clarity and efficiency. Assess whether the response aligns with what would be socially expected in a comparable real-world interaction, and whether emotional framing supports rather than distorts the task context.
","5.1: Tone Appropriateness (1-5)

Definition: Does the tone match the situational gravity and user's emotional state?
Consider whether the tone reflects the emotional stakes and urgency of the situation correctly. Assess if the emotional weight of the response matches what the user is experiencing (not being upbeat when they're distressed, not being alarmist about minor issues). Evaluate whether the tone would feel appropriate if this were a face-to-face conversation, and whether it contradicts or undermines the message content.
","5.2: Emotional Calibration Accuracy (1–5)

Definition: Does the response accurately reflect the intensity and type of emotion expressed by the user without exaggeration or minimization?
Consider whether the model accurately interprets the user’s emotional signal and responds at an appropriate intensity. Evaluate whether emotional acknowledgment is appropriate to the situation, avoiding exaggeration of minor frustrations or minimization of serious distress. The response should feel natural given the user’s language, urgency, and stakes, and would be reasonable in a comparable face-to-face interaction. Emotional inflation, emotional flattening, or clear misreading of the user’s affect indicate poor calibration, even if the response is otherwise polite or helpful.
","5.3: Emotional Escalation & Moral Framing
Definition: Does the response avoid introducing additional emotional intensity, moral certainty, or adversarial framing beyond what the user expresses?
Evaluate whether the response introduces emotional or moral framing that goes beyond what the user expresses. This includes increasing emotional intensity, presenting one perspective as unquestionably right or wrong, or framing the situation in a more adversarial or polarized way than the user does.
The response should support the user while preserving flexibility and agency, rather than narrowing the situation to a single moral stance or pushing the user toward confrontation, blame, or definitive judgments. Language that increases certainty, blame, or opposition without being prompted by the user indicates escalation. Responses that validate feelings while keeping multiple interpretations or paths forward open reflect better performance.","5.4: Functional Integration of Empathy (1–5)
Definition: Does emotional acknowledgment actively support user agency and progress toward a solution or next step?

Assess whether empathy helps the user gain clarity about their situation or supports movement toward a useful next step, rather than serving as validation alone. Emotional acknowledgment should connect to what the user needs or is trying to do, without becoming repetitive or disconnected from their goals. This evaluation is independent of response length: a longer response can score highly if deeper emotional acknowledgment is warranted and still helps the user move forward, while a shorter response can score poorly if it bypasses important emotional context or fails to support the user’s goals. Does the balance between emotional acknowledgment and action-orientation serve this specific user’s needs in this specific situation?","5.5: Contextual Appropriateness of Emotional Framing (1–5)
Definition: Is emotional framing appropriate for the domain, stakes, and purpose of the interaction?
Consider whether the response respects situational norms and avoids applying therapeutic or counseling-style framing in non-therapeutic contexts such as technical troubleshooting, logistical questions, or routine tasks. Evaluate whether emotional language is proportionate to the domain and does not introduce unnecessary depth, introspection, or emotional processing when the user would benefit more from clarity and efficiency. Assess whether the response aligns with what would be socially expected in a comparable real-world interaction, and whether emotional framing supports rather than distorts the task context.
","Emotional Coherence (1-5)
Definition: Does the model consistently recognize, retain, and integrate relevant emotional context from earlier turns, rather than treating each turn in isolation?

Focus on whether the assistant responds as if it is aware of what the user has already expressed emotionally, rather than acting as if each message is the first one. A coherent response reflects continuity; earlier emotions still matter unless the user clearly moves on. Incoherent responses feel emotionally disconnected, contradictory, or reset. The key question is not how warm or empathetic the response sounds, but how naturally it fits with the user’s emotional prior and current emotional expression.","Emotional Adaptivity (1-5)
Definition: Does the model appropriately adjust its emotional tone, level of warmth, and affective stance in response to changes in the user’s emotional state across turns?
Consider whether the model modulates how it responds emotionally as the conversation evolves (e.g., becoming more validating during escalation, less emotionally heavy during de-escalation), without lagging behind, overcorrecting, or remaining emotionally static. Focus on emotional adjustment, not content strategy or problem-solving changes.
","Problem Resolution (1-5)
Definition: Did the conversation progress toward solving the user's problem or meeting their need?

Consider how closer the user is to their goal or a resolution at conversation end than at start, whether they could proceed independently with what they've gained, whether if there was forward momentum or circular repetition. For unresolvable problems, evaluate if the user has realistic understanding and coping strategies. Watch for conversations that loop without progress, information provided without synthesis or actionable paths, and problem scope expanding without resolution.
","If you noticed anything confusing, unclear, or noteworthy while completing the evaluations, you may share it here.
This question is optional."
1/13/2026 14:45:45,"Yes, I consent to participate",Grace Le,Group A,F1,4 (Well-Matched): Tone suits context with clear situational awareness,4 (Well Calibrated): Emotional intensity and type closely match the user’s expressed state,4 (Non-Escalatory): Supports the user without adding emotional escalation or moral judgment,3 (Functionally Adequate): Empathy supports the task but is slightly over- or under-emphasized.,3 (Generally Appropriate): Emotional framing fits the context with minor excess or restraint issues,3 (Appropriate): Tone generally fits; no jarring mismatches,"3 (Adequately Calibrated): Emotional response is generally appropriate, though somewhat imprecise or uneven","3 (Mostly Neutral):  Mostly avoids escalation, with minor unnecessary framing or certainty",2 (Weakly Supportive):  Emotion is acknowledged but poorly aligned with the user’s needs.,3 (Generally Appropriate): Emotional framing fits the context with minor excess or restraint issues,3 (Appropriate): Tone generally fits; no jarring mismatches,"3 (Adequately Calibrated): Emotional response is generally appropriate, though somewhat imprecise or uneven",4 (Non-Escalatory): Supports the user without adding emotional escalation or moral judgment,3 (Functionally Adequate): Empathy supports the task but is slightly over- or under-emphasized.,4 (Well Aligned): Emotional framing is appropriate and context-aware,4 (Well-Matched): Tone suits context with clear situational awareness,4 (Well Calibrated): Emotional intensity and type closely match the user’s expressed state,4 (Non-Escalatory): Supports the user without adding emotional escalation or moral judgment,3 (Functionally Adequate): Empathy supports the task but is slightly over- or under-emphasized.,4 (Well Aligned): Emotional framing is appropriate and context-aware,3 (Appropriate): Tone generally fits; no jarring mismatches,"3 (Adequately Calibrated): Emotional response is generally appropriate, though somewhat imprecise or uneven",4 (Non-Escalatory): Supports the user without adding emotional escalation or moral judgment,2 (Weakly Supportive):  Emotion is acknowledged but poorly aligned with the user’s needs.,3 (Generally Appropriate): Emotional framing fits the context with minor excess or restraint issues,"3 (Adequate Memory):  Generally maintains emotional context, but with lapses; avoids dismissive errors but may miss nuances",2 (Minimally Adaptive): Limited or delayed emotional adjustment; changes are mistimed or insufficient.,4 (Substantial Progress): Clear resolution path with actionable steps; user can proceed independently,
1/13/2026 14:56:45,"Yes, I consent to participate",Grace Le,Group A,N2,4 (Well-Matched): Tone suits context with clear situational awareness,4 (Well Calibrated): Emotional intensity and type closely match the user’s expressed state,4 (Non-Escalatory): Supports the user without adding emotional escalation or moral judgment,4 (Functionally Strong):  Empathy is proportionate and supports clarity or action.,4 (Well Aligned): Emotional framing is appropriate and context-aware,4 (Well-Matched): Tone suits context with clear situational awareness,4 (Well Calibrated): Emotional intensity and type closely match the user’s expressed state,4 (Non-Escalatory): Supports the user without adding emotional escalation or moral judgment,4 (Functionally Strong):  Empathy is proportionate and supports clarity or action.,4 (Well Aligned): Emotional framing is appropriate and context-aware,4 (Well-Matched): Tone suits context with clear situational awareness,4 (Well Calibrated): Emotional intensity and type closely match the user’s expressed state,4 (Non-Escalatory): Supports the user without adding emotional escalation or moral judgment,4 (Functionally Strong):  Empathy is proportionate and supports clarity or action.,4 (Well Aligned): Emotional framing is appropriate and context-aware,3 (Appropriate): Tone generally fits; no jarring mismatches,"3 (Adequately Calibrated): Emotional response is generally appropriate, though somewhat imprecise or uneven",4 (Non-Escalatory): Supports the user without adding emotional escalation or moral judgment,3 (Functionally Adequate): Empathy supports the task but is slightly over- or under-emphasized.,4 (Well Aligned): Emotional framing is appropriate and context-aware,4 (Well-Matched): Tone suits context with clear situational awareness,4 (Well Calibrated): Emotional intensity and type closely match the user’s expressed state,4 (Non-Escalatory): Supports the user without adding emotional escalation or moral judgment,4 (Functionally Strong):  Empathy is proportionate and supports clarity or action.,4 (Well Aligned): Emotional framing is appropriate and context-aware,4 (Strong Memory): Maintains clear emotional context across turns with only minor gaps.,2 (Minimally Adaptive): Limited or delayed emotional adjustment; changes are mistimed or insufficient.,5 (Problem Resolved): Problem fully resolved or comprehensive resolution path with all necessary information,
1/13/2026 15:07:07,"Yes, I consent to participate",Grace Le,Group A,A3,4 (Well-Matched): Tone suits context with clear situational awareness,4 (Well Calibrated): Emotional intensity and type closely match the user’s expressed state,4 (Non-Escalatory): Supports the user without adding emotional escalation or moral judgment,4 (Functionally Strong):  Empathy is proportionate and supports clarity or action.,4 (Well Aligned): Emotional framing is appropriate and context-aware,4 (Well-Matched): Tone suits context with clear situational awareness,"3 (Adequately Calibrated): Emotional response is generally appropriate, though somewhat imprecise or uneven","3 (Mostly Neutral):  Mostly avoids escalation, with minor unnecessary framing or certainty",3 (Functionally Adequate): Empathy supports the task but is slightly over- or under-emphasized.,4 (Well Aligned): Emotional framing is appropriate and context-aware,3 (Appropriate): Tone generally fits; no jarring mismatches,4 (Well Calibrated): Emotional intensity and type closely match the user’s expressed state,"3 (Mostly Neutral):  Mostly avoids escalation, with minor unnecessary framing or certainty",3 (Functionally Adequate): Empathy supports the task but is slightly over- or under-emphasized.,4 (Well Aligned): Emotional framing is appropriate and context-aware,3 (Appropriate): Tone generally fits; no jarring mismatches,"3 (Adequately Calibrated): Emotional response is generally appropriate, though somewhat imprecise or uneven","2 (Escalatory): Introduces unnecessary moral certainty, blame, or polarization that exceeds the user’s expression",2 (Weakly Supportive):  Emotion is acknowledged but poorly aligned with the user’s needs.,3 (Generally Appropriate): Emotional framing fits the context with minor excess or restraint issues,4 (Well-Matched): Tone suits context with clear situational awareness,"3 (Adequately Calibrated): Emotional response is generally appropriate, though somewhat imprecise or uneven","2 (Escalatory): Introduces unnecessary moral certainty, blame, or polarization that exceeds the user’s expression",2 (Weakly Supportive):  Emotion is acknowledged but poorly aligned with the user’s needs.,2 (Noticeably Misaligned): Emotional framing feels out of place or unnecessarily heavy for the context,"3 (Adequate Memory):  Generally maintains emotional context, but with lapses; avoids dismissive errors but may miss nuances",2 (Minimally Adaptive): Limited or delayed emotional adjustment; changes are mistimed or insufficient.,2 (Minimal Progress): Some information provided but no clear path forward,
1/14/2026 9:05:04,"Yes, I consent to participate",Monn Thwe Han,Group B,N3,3 (Appropriate): Tone generally fits; no jarring mismatches,"3 (Adequately Calibrated): Emotional response is generally appropriate, though somewhat imprecise or uneven",4 (Non-Escalatory): Supports the user without adding emotional escalation or moral judgment,4 (Functionally Strong):  Empathy is proportionate and supports clarity or action.,3 (Generally Appropriate): Emotional framing fits the context with minor excess or restraint issues,3 (Appropriate): Tone generally fits; no jarring mismatches,4 (Well Calibrated): Emotional intensity and type closely match the user’s expressed state,"2 (Escalatory): Introduces unnecessary moral certainty, blame, or polarization that exceeds the user’s expression",5 (Optimally Integrated): Empathy is tightly aligned with the user’s needs and supports action or understanding.,3 (Generally Appropriate): Emotional framing fits the context with minor excess or restraint issues,3 (Appropriate): Tone generally fits; no jarring mismatches,"2 (Poorly Calibrated): Acknowledges emotion but at an incorrect level, noticeably exaggerating or minimizing the user’s experience","2 (Escalatory): Introduces unnecessary moral certainty, blame, or polarization that exceeds the user’s expression",3 (Functionally Adequate): Empathy supports the task but is slightly over- or under-emphasized.,3 (Generally Appropriate): Emotional framing fits the context with minor excess or restraint issues,3 (Appropriate): Tone generally fits; no jarring mismatches,"3 (Adequately Calibrated): Emotional response is generally appropriate, though somewhat imprecise or uneven",4 (Non-Escalatory): Supports the user without adding emotional escalation or moral judgment,4 (Functionally Strong):  Empathy is proportionate and supports clarity or action.,3 (Generally Appropriate): Emotional framing fits the context with minor excess or restraint issues,"2 (Noticeable Mismatch): Tone somewhat off (overly upbeat when user is frustrated, dismissive when user is concerned, urgent when user is calm)","2 (Poorly Calibrated): Acknowledges emotion but at an incorrect level, noticeably exaggerating or minimizing the user’s experience",4 (Non-Escalatory): Supports the user without adding emotional escalation or moral judgment,3 (Functionally Adequate): Empathy supports the task but is slightly over- or under-emphasized.,3 (Generally Appropriate): Emotional framing fits the context with minor excess or restraint issues,4 (Strong Memory): Maintains clear emotional context across turns with only minor gaps.,3 (Moderately Adaptive): Makes some appropriate adjustments to tone or approach,4 (Substantial Progress): Clear resolution path with actionable steps; user can proceed independently,
1/14/2026 13:01:21,"Yes, I consent to participate",Nick,Group B,N3,4 (Well-Matched): Tone suits context with clear situational awareness,5 (Precisely Calibrated): Emotion is interpreted and reflected with high accuracy and proportionality,4 (Non-Escalatory): Supports the user without adding emotional escalation or moral judgment,5 (Optimally Integrated): Empathy is tightly aligned with the user’s needs and supports action or understanding.,4 (Well Aligned): Emotional framing is appropriate and context-aware,4 (Well-Matched): Tone suits context with clear situational awareness,5 (Precisely Calibrated): Emotion is interpreted and reflected with high accuracy and proportionality,"3 (Mostly Neutral):  Mostly avoids escalation, with minor unnecessary framing or certainty",4 (Functionally Strong):  Empathy is proportionate and supports clarity or action.,4 (Well Aligned): Emotional framing is appropriate and context-aware,4 (Well-Matched): Tone suits context with clear situational awareness,4 (Well Calibrated): Emotional intensity and type closely match the user’s expressed state,4 (Non-Escalatory): Supports the user without adding emotional escalation or moral judgment,4 (Functionally Strong):  Empathy is proportionate and supports clarity or action.,4 (Well Aligned): Emotional framing is appropriate and context-aware,5 (Precisely Calibrated): Tone perfectly matches user state and topic gravity,5 (Precisely Calibrated): Emotion is interpreted and reflected with high accuracy and proportionality,"5 (Carefully Balanced): Validates emotion while carefully avoiding added escalation, blame, or moral certainty",4 (Functionally Strong):  Empathy is proportionate and supports clarity or action.,"5 (Contextually Precise): Emotional framing is perfectly matched to domain, stakes, and user intent",5 (Precisely Calibrated): Tone perfectly matches user state and topic gravity,5 (Precisely Calibrated): Emotion is interpreted and reflected with high accuracy and proportionality,"5 (Carefully Balanced): Validates emotion while carefully avoiding added escalation, blame, or moral certainty",5 (Optimally Integrated): Empathy is tightly aligned with the user’s needs and supports action or understanding.,"5 (Contextually Precise): Emotional framing is perfectly matched to domain, stakes, and user intent",4 (Strong Memory): Maintains clear emotional context across turns with only minor gaps.,4 (Responsive):  Adjusts emotional tone appropriately across emotional shifts based on the user's emotional state with minor issues.,5 (Problem Resolved): Problem fully resolved or comprehensive resolution path with all necessary information,
1/14/2026 15:25:53,"Yes, I consent to participate",Nick,Group B,N1,5 (Precisely Calibrated): Tone perfectly matches user state and topic gravity,5 (Precisely Calibrated): Emotion is interpreted and reflected with high accuracy and proportionality,"5 (Carefully Balanced): Validates emotion while carefully avoiding added escalation, blame, or moral certainty",4 (Functionally Strong):  Empathy is proportionate and supports clarity or action.,"5 (Contextually Precise): Emotional framing is perfectly matched to domain, stakes, and user intent",4 (Well-Matched): Tone suits context with clear situational awareness,5 (Precisely Calibrated): Emotion is interpreted and reflected with high accuracy and proportionality,4 (Non-Escalatory): Supports the user without adding emotional escalation or moral judgment,4 (Functionally Strong):  Empathy is proportionate and supports clarity or action.,4 (Well Aligned): Emotional framing is appropriate and context-aware,5 (Precisely Calibrated): Tone perfectly matches user state and topic gravity,5 (Precisely Calibrated): Emotion is interpreted and reflected with high accuracy and proportionality,"5 (Carefully Balanced): Validates emotion while carefully avoiding added escalation, blame, or moral certainty",5 (Optimally Integrated): Empathy is tightly aligned with the user’s needs and supports action or understanding.,"5 (Contextually Precise): Emotional framing is perfectly matched to domain, stakes, and user intent",4 (Well-Matched): Tone suits context with clear situational awareness,4 (Well Calibrated): Emotional intensity and type closely match the user’s expressed state,"3 (Mostly Neutral):  Mostly avoids escalation, with minor unnecessary framing or certainty",5 (Optimally Integrated): Empathy is tightly aligned with the user’s needs and supports action or understanding.,4 (Well Aligned): Emotional framing is appropriate and context-aware,5 (Precisely Calibrated): Tone perfectly matches user state and topic gravity,5 (Precisely Calibrated): Emotion is interpreted and reflected with high accuracy and proportionality,"5 (Carefully Balanced): Validates emotion while carefully avoiding added escalation, blame, or moral certainty",5 (Optimally Integrated): Empathy is tightly aligned with the user’s needs and supports action or understanding.,"5 (Contextually Precise): Emotional framing is perfectly matched to domain, stakes, and user intent",4 (Strong Memory): Maintains clear emotional context across turns with only minor gaps.,4 (Responsive):  Adjusts emotional tone appropriately across emotional shifts based on the user's emotional state with minor issues.,4 (Substantial Progress): Clear resolution path with actionable steps; user can proceed independently,
1/14/2026 15:31:42,"Yes, I consent to participate",Nick,Group B,A2,5 (Precisely Calibrated): Tone perfectly matches user state and topic gravity,5 (Precisely Calibrated): Emotion is interpreted and reflected with high accuracy and proportionality,"5 (Carefully Balanced): Validates emotion while carefully avoiding added escalation, blame, or moral certainty",5 (Optimally Integrated): Empathy is tightly aligned with the user’s needs and supports action or understanding.,"5 (Contextually Precise): Emotional framing is perfectly matched to domain, stakes, and user intent",4 (Well-Matched): Tone suits context with clear situational awareness,5 (Precisely Calibrated): Emotion is interpreted and reflected with high accuracy and proportionality,"3 (Mostly Neutral):  Mostly avoids escalation, with minor unnecessary framing or certainty",5 (Optimally Integrated): Empathy is tightly aligned with the user’s needs and supports action or understanding.,"5 (Contextually Precise): Emotional framing is perfectly matched to domain, stakes, and user intent",5 (Precisely Calibrated): Tone perfectly matches user state and topic gravity,5 (Precisely Calibrated): Emotion is interpreted and reflected with high accuracy and proportionality,"5 (Carefully Balanced): Validates emotion while carefully avoiding added escalation, blame, or moral certainty",5 (Optimally Integrated): Empathy is tightly aligned with the user’s needs and supports action or understanding.,"5 (Contextually Precise): Emotional framing is perfectly matched to domain, stakes, and user intent",5 (Precisely Calibrated): Tone perfectly matches user state and topic gravity,5 (Precisely Calibrated): Emotion is interpreted and reflected with high accuracy and proportionality,"5 (Carefully Balanced): Validates emotion while carefully avoiding added escalation, blame, or moral certainty",5 (Optimally Integrated): Empathy is tightly aligned with the user’s needs and supports action or understanding.,"5 (Contextually Precise): Emotional framing is perfectly matched to domain, stakes, and user intent",4 (Well-Matched): Tone suits context with clear situational awareness,"3 (Adequately Calibrated): Emotional response is generally appropriate, though somewhat imprecise or uneven","3 (Mostly Neutral):  Mostly avoids escalation, with minor unnecessary framing or certainty",5 (Optimally Integrated): Empathy is tightly aligned with the user’s needs and supports action or understanding.,"5 (Contextually Precise): Emotional framing is perfectly matched to domain, stakes, and user intent",4 (Strong Memory): Maintains clear emotional context across turns with only minor gaps.,3 (Moderately Adaptive): Makes some appropriate adjustments to tone or approach,4 (Substantial Progress): Clear resolution path with actionable steps; user can proceed independently,
1/14/2026 22:28:15,"Yes, I consent to participate",Lauren,Group C,F2,4 (Well-Matched): Tone suits context with clear situational awareness,"3 (Adequately Calibrated): Emotional response is generally appropriate, though somewhat imprecise or uneven",4 (Non-Escalatory): Supports the user without adding emotional escalation or moral judgment,4 (Functionally Strong):  Empathy is proportionate and supports clarity or action.,"5 (Contextually Precise): Emotional framing is perfectly matched to domain, stakes, and user intent",4 (Well-Matched): Tone suits context with clear situational awareness,"3 (Adequately Calibrated): Emotional response is generally appropriate, though somewhat imprecise or uneven",4 (Non-Escalatory): Supports the user without adding emotional escalation or moral judgment,4 (Functionally Strong):  Empathy is proportionate and supports clarity or action.,4 (Well Aligned): Emotional framing is appropriate and context-aware,4 (Well-Matched): Tone suits context with clear situational awareness,4 (Well Calibrated): Emotional intensity and type closely match the user’s expressed state,"5 (Carefully Balanced): Validates emotion while carefully avoiding added escalation, blame, or moral certainty",5 (Optimally Integrated): Empathy is tightly aligned with the user’s needs and supports action or understanding.,"5 (Contextually Precise): Emotional framing is perfectly matched to domain, stakes, and user intent",5 (Precisely Calibrated): Tone perfectly matches user state and topic gravity,4 (Well Calibrated): Emotional intensity and type closely match the user’s expressed state,"5 (Carefully Balanced): Validates emotion while carefully avoiding added escalation, blame, or moral certainty",5 (Optimally Integrated): Empathy is tightly aligned with the user’s needs and supports action or understanding.,4 (Well Aligned): Emotional framing is appropriate and context-aware,5 (Precisely Calibrated): Tone perfectly matches user state and topic gravity,5 (Precisely Calibrated): Emotion is interpreted and reflected with high accuracy and proportionality,"5 (Carefully Balanced): Validates emotion while carefully avoiding added escalation, blame, or moral certainty",5 (Optimally Integrated): Empathy is tightly aligned with the user’s needs and supports action or understanding.,"5 (Contextually Precise): Emotional framing is perfectly matched to domain, stakes, and user intent",4 (Strong Memory): Maintains clear emotional context across turns with only minor gaps.,4 (Responsive):  Adjusts emotional tone appropriately across emotional shifts based on the user's emotional state with minor issues.,5 (Problem Resolved): Problem fully resolved or comprehensive resolution path with all necessary information,
1/14/2026 22:38:07,"Yes, I consent to participate",Lauren,Group C,A1,3 (Appropriate): Tone generally fits; no jarring mismatches,"3 (Adequately Calibrated): Emotional response is generally appropriate, though somewhat imprecise or uneven",4 (Non-Escalatory): Supports the user without adding emotional escalation or moral judgment,4 (Functionally Strong):  Empathy is proportionate and supports clarity or action.,4 (Well Aligned): Emotional framing is appropriate and context-aware,4 (Well-Matched): Tone suits context with clear situational awareness,4 (Well Calibrated): Emotional intensity and type closely match the user’s expressed state,"5 (Carefully Balanced): Validates emotion while carefully avoiding added escalation, blame, or moral certainty",4 (Functionally Strong):  Empathy is proportionate and supports clarity or action.,4 (Well Aligned): Emotional framing is appropriate and context-aware,5 (Precisely Calibrated): Tone perfectly matches user state and topic gravity,5 (Precisely Calibrated): Emotion is interpreted and reflected with high accuracy and proportionality,"5 (Carefully Balanced): Validates emotion while carefully avoiding added escalation, blame, or moral certainty",5 (Optimally Integrated): Empathy is tightly aligned with the user’s needs and supports action or understanding.,4 (Well Aligned): Emotional framing is appropriate and context-aware,4 (Well-Matched): Tone suits context with clear situational awareness,4 (Well Calibrated): Emotional intensity and type closely match the user’s expressed state,"5 (Carefully Balanced): Validates emotion while carefully avoiding added escalation, blame, or moral certainty",4 (Functionally Strong):  Empathy is proportionate and supports clarity or action.,3 (Generally Appropriate): Emotional framing fits the context with minor excess or restraint issues,4 (Well-Matched): Tone suits context with clear situational awareness,4 (Well Calibrated): Emotional intensity and type closely match the user’s expressed state,"3 (Mostly Neutral):  Mostly avoids escalation, with minor unnecessary framing or certainty",4 (Functionally Strong):  Empathy is proportionate and supports clarity or action.,4 (Well Aligned): Emotional framing is appropriate and context-aware,4 (Strong Memory): Maintains clear emotional context across turns with only minor gaps.,4 (Responsive):  Adjusts emotional tone appropriately across emotional shifts based on the user's emotional state with minor issues.,4 (Substantial Progress): Clear resolution path with actionable steps; user can proceed independently,
1/14/2026 22:46:47,"Yes, I consent to participate",Lauren,Group C,F3,4 (Well-Matched): Tone suits context with clear situational awareness,4 (Well Calibrated): Emotional intensity and type closely match the user’s expressed state,"5 (Carefully Balanced): Validates emotion while carefully avoiding added escalation, blame, or moral certainty",5 (Optimally Integrated): Empathy is tightly aligned with the user’s needs and supports action or understanding.,4 (Well Aligned): Emotional framing is appropriate and context-aware,4 (Well-Matched): Tone suits context with clear situational awareness,4 (Well Calibrated): Emotional intensity and type closely match the user’s expressed state,"5 (Carefully Balanced): Validates emotion while carefully avoiding added escalation, blame, or moral certainty",4 (Functionally Strong):  Empathy is proportionate and supports clarity or action.,4 (Well Aligned): Emotional framing is appropriate and context-aware,4 (Well-Matched): Tone suits context with clear situational awareness,4 (Well Calibrated): Emotional intensity and type closely match the user’s expressed state,4 (Non-Escalatory): Supports the user without adding emotional escalation or moral judgment,4 (Functionally Strong):  Empathy is proportionate and supports clarity or action.,3 (Generally Appropriate): Emotional framing fits the context with minor excess or restraint issues,4 (Well-Matched): Tone suits context with clear situational awareness,4 (Well Calibrated): Emotional intensity and type closely match the user’s expressed state,"5 (Carefully Balanced): Validates emotion while carefully avoiding added escalation, blame, or moral certainty",5 (Optimally Integrated): Empathy is tightly aligned with the user’s needs and supports action or understanding.,"5 (Contextually Precise): Emotional framing is perfectly matched to domain, stakes, and user intent",5 (Precisely Calibrated): Tone perfectly matches user state and topic gravity,5 (Precisely Calibrated): Emotion is interpreted and reflected with high accuracy and proportionality,"5 (Carefully Balanced): Validates emotion while carefully avoiding added escalation, blame, or moral certainty",5 (Optimally Integrated): Empathy is tightly aligned with the user’s needs and supports action or understanding.,"5 (Contextually Precise): Emotional framing is perfectly matched to domain, stakes, and user intent","5 (Highly Coherent): Consistently integrates emotional context across the conversation without redundancy, contradiction, or drift.","5 (Highly Responsive): Smooth, timely emotional adjustment that closely tracks the user’s emotional trajectory.",5 (Problem Resolved): Problem fully resolved or comprehensive resolution path with all necessary information,
1/15/2026 14:56:05,"Yes, I consent to participate",Helen,Group C,F2,4 (Well-Matched): Tone suits context with clear situational awareness,4 (Well Calibrated): Emotional intensity and type closely match the user’s expressed state,"5 (Carefully Balanced): Validates emotion while carefully avoiding added escalation, blame, or moral certainty",4 (Functionally Strong):  Empathy is proportionate and supports clarity or action.,4 (Well Aligned): Emotional framing is appropriate and context-aware,4 (Well-Matched): Tone suits context with clear situational awareness,4 (Well Calibrated): Emotional intensity and type closely match the user’s expressed state,4 (Non-Escalatory): Supports the user without adding emotional escalation or moral judgment,4 (Functionally Strong):  Empathy is proportionate and supports clarity or action.,4 (Well Aligned): Emotional framing is appropriate and context-aware,4 (Well-Matched): Tone suits context with clear situational awareness,4 (Well Calibrated): Emotional intensity and type closely match the user’s expressed state,4 (Non-Escalatory): Supports the user without adding emotional escalation or moral judgment,4 (Functionally Strong):  Empathy is proportionate and supports clarity or action.,"5 (Contextually Precise): Emotional framing is perfectly matched to domain, stakes, and user intent",4 (Well-Matched): Tone suits context with clear situational awareness,5 (Precisely Calibrated): Emotion is interpreted and reflected with high accuracy and proportionality,"5 (Carefully Balanced): Validates emotion while carefully avoiding added escalation, blame, or moral certainty",4 (Functionally Strong):  Empathy is proportionate and supports clarity or action.,4 (Well Aligned): Emotional framing is appropriate and context-aware,4 (Well-Matched): Tone suits context with clear situational awareness,4 (Well Calibrated): Emotional intensity and type closely match the user’s expressed state,4 (Non-Escalatory): Supports the user without adding emotional escalation or moral judgment,4 (Functionally Strong):  Empathy is proportionate and supports clarity or action.,4 (Well Aligned): Emotional framing is appropriate and context-aware,"5 (Highly Coherent): Consistently integrates emotional context across the conversation without redundancy, contradiction, or drift.","5 (Highly Responsive): Smooth, timely emotional adjustment that closely tracks the user’s emotional trajectory.",4 (Substantial Progress): Clear resolution path with actionable steps; user can proceed independently,
1/15/2026 15:04:41,"Yes, I consent to participate",Helen,Group C,A1,4 (Well-Matched): Tone suits context with clear situational awareness,4 (Well Calibrated): Emotional intensity and type closely match the user’s expressed state,4 (Non-Escalatory): Supports the user without adding emotional escalation or moral judgment,3 (Functionally Adequate): Empathy supports the task but is slightly over- or under-emphasized.,4 (Well Aligned): Emotional framing is appropriate and context-aware,4 (Well-Matched): Tone suits context with clear situational awareness,"3 (Adequately Calibrated): Emotional response is generally appropriate, though somewhat imprecise or uneven",4 (Non-Escalatory): Supports the user without adding emotional escalation or moral judgment,3 (Functionally Adequate): Empathy supports the task but is slightly over- or under-emphasized.,4 (Well Aligned): Emotional framing is appropriate and context-aware,4 (Well-Matched): Tone suits context with clear situational awareness,4 (Well Calibrated): Emotional intensity and type closely match the user’s expressed state,4 (Non-Escalatory): Supports the user without adding emotional escalation or moral judgment,4 (Functionally Strong):  Empathy is proportionate and supports clarity or action.,4 (Well Aligned): Emotional framing is appropriate and context-aware,4 (Well-Matched): Tone suits context with clear situational awareness,4 (Well Calibrated): Emotional intensity and type closely match the user’s expressed state,4 (Non-Escalatory): Supports the user without adding emotional escalation or moral judgment,4 (Functionally Strong):  Empathy is proportionate and supports clarity or action.,4 (Well Aligned): Emotional framing is appropriate and context-aware,5 (Precisely Calibrated): Tone perfectly matches user state and topic gravity,5 (Precisely Calibrated): Emotion is interpreted and reflected with high accuracy and proportionality,"5 (Carefully Balanced): Validates emotion while carefully avoiding added escalation, blame, or moral certainty",5 (Optimally Integrated): Empathy is tightly aligned with the user’s needs and supports action or understanding.,"5 (Contextually Precise): Emotional framing is perfectly matched to domain, stakes, and user intent",4 (Strong Memory): Maintains clear emotional context across turns with only minor gaps.,"5 (Highly Responsive): Smooth, timely emotional adjustment that closely tracks the user’s emotional trajectory.",5 (Problem Resolved): Problem fully resolved or comprehensive resolution path with all necessary information,
1/15/2026 15:07:55,"Yes, I consent to participate",Helen,Group C,F3,5 (Precisely Calibrated): Tone perfectly matches user state and topic gravity,5 (Precisely Calibrated): Emotion is interpreted and reflected with high accuracy and proportionality,4 (Non-Escalatory): Supports the user without adding emotional escalation or moral judgment,5 (Optimally Integrated): Empathy is tightly aligned with the user’s needs and supports action or understanding.,"5 (Contextually Precise): Emotional framing is perfectly matched to domain, stakes, and user intent",5 (Precisely Calibrated): Tone perfectly matches user state and topic gravity,5 (Precisely Calibrated): Emotion is interpreted and reflected with high accuracy and proportionality,"5 (Carefully Balanced): Validates emotion while carefully avoiding added escalation, blame, or moral certainty",5 (Optimally Integrated): Empathy is tightly aligned with the user’s needs and supports action or understanding.,"5 (Contextually Precise): Emotional framing is perfectly matched to domain, stakes, and user intent",5 (Precisely Calibrated): Tone perfectly matches user state and topic gravity,5 (Precisely Calibrated): Emotion is interpreted and reflected with high accuracy and proportionality,"5 (Carefully Balanced): Validates emotion while carefully avoiding added escalation, blame, or moral certainty",5 (Optimally Integrated): Empathy is tightly aligned with the user’s needs and supports action or understanding.,"5 (Contextually Precise): Emotional framing is perfectly matched to domain, stakes, and user intent",5 (Precisely Calibrated): Tone perfectly matches user state and topic gravity,5 (Precisely Calibrated): Emotion is interpreted and reflected with high accuracy and proportionality,"5 (Carefully Balanced): Validates emotion while carefully avoiding added escalation, blame, or moral certainty",5 (Optimally Integrated): Empathy is tightly aligned with the user’s needs and supports action or understanding.,"5 (Contextually Precise): Emotional framing is perfectly matched to domain, stakes, and user intent",5 (Precisely Calibrated): Tone perfectly matches user state and topic gravity,5 (Precisely Calibrated): Emotion is interpreted and reflected with high accuracy and proportionality,"5 (Carefully Balanced): Validates emotion while carefully avoiding added escalation, blame, or moral certainty",5 (Optimally Integrated): Empathy is tightly aligned with the user’s needs and supports action or understanding.,"5 (Contextually Precise): Emotional framing is perfectly matched to domain, stakes, and user intent","5 (Highly Coherent): Consistently integrates emotional context across the conversation without redundancy, contradiction, or drift.","5 (Highly Responsive): Smooth, timely emotional adjustment that closely tracks the user’s emotional trajectory.",5 (Problem Resolved): Problem fully resolved or comprehensive resolution path with all necessary information,turn 2 is pretty good 
1/15/2026 16:31:18,"Yes, I consent to participate",Anita ,Group A,F1,"2 (Noticeable Mismatch): Tone somewhat off (overly upbeat when user is frustrated, dismissive when user is concerned, urgent when user is calm)",4 (Well Calibrated): Emotional intensity and type closely match the user’s expressed state,"2 (Escalatory): Introduces unnecessary moral certainty, blame, or polarization that exceeds the user’s expression",4 (Functionally Strong):  Empathy is proportionate and supports clarity or action.,4 (Well Aligned): Emotional framing is appropriate and context-aware,"1 (Severe Mismatch): Tone contradicts situation (cheerful during distress, flippant about serious concerns, alarmist about minor issues)","3 (Adequately Calibrated): Emotional response is generally appropriate, though somewhat imprecise or uneven","5 (Carefully Balanced): Validates emotion while carefully avoiding added escalation, blame, or moral certainty",5 (Optimally Integrated): Empathy is tightly aligned with the user’s needs and supports action or understanding.,2 (Noticeably Misaligned): Emotional framing feels out of place or unnecessarily heavy for the context,"2 (Noticeable Mismatch): Tone somewhat off (overly upbeat when user is frustrated, dismissive when user is concerned, urgent when user is calm)","3 (Adequately Calibrated): Emotional response is generally appropriate, though somewhat imprecise or uneven","2 (Escalatory): Introduces unnecessary moral certainty, blame, or polarization that exceeds the user’s expression",5 (Optimally Integrated): Empathy is tightly aligned with the user’s needs and supports action or understanding.,"5 (Contextually Precise): Emotional framing is perfectly matched to domain, stakes, and user intent",3 (Appropriate): Tone generally fits; no jarring mismatches,4 (Well Calibrated): Emotional intensity and type closely match the user’s expressed state,"2 (Escalatory): Introduces unnecessary moral certainty, blame, or polarization that exceeds the user’s expression",4 (Functionally Strong):  Empathy is proportionate and supports clarity or action.,"5 (Contextually Precise): Emotional framing is perfectly matched to domain, stakes, and user intent","1 (Severe Mismatch): Tone contradicts situation (cheerful during distress, flippant about serious concerns, alarmist about minor issues)","3 (Adequately Calibrated): Emotional response is generally appropriate, though somewhat imprecise or uneven","2 (Escalatory): Introduces unnecessary moral certainty, blame, or polarization that exceeds the user’s expression",4 (Functionally Strong):  Empathy is proportionate and supports clarity or action.,3 (Generally Appropriate): Emotional framing fits the context with minor excess or restraint issues,"3 (Adequate Memory):  Generally maintains emotional context, but with lapses; avoids dismissive errors but may miss nuances",3 (Moderately Adaptive): Makes some appropriate adjustments to tone or approach,4 (Substantial Progress): Clear resolution path with actionable steps; user can proceed independently,
1/15/2026 16:57:57,"Yes, I consent to participate",Anita,Group A,N2,4 (Well-Matched): Tone suits context with clear situational awareness,4 (Well Calibrated): Emotional intensity and type closely match the user’s expressed state,4 (Non-Escalatory): Supports the user without adding emotional escalation or moral judgment,4 (Functionally Strong):  Empathy is proportionate and supports clarity or action.,"5 (Contextually Precise): Emotional framing is perfectly matched to domain, stakes, and user intent",4 (Well-Matched): Tone suits context with clear situational awareness,5 (Precisely Calibrated): Emotion is interpreted and reflected with high accuracy and proportionality,4 (Non-Escalatory): Supports the user without adding emotional escalation or moral judgment,4 (Functionally Strong):  Empathy is proportionate and supports clarity or action.,"5 (Contextually Precise): Emotional framing is perfectly matched to domain, stakes, and user intent",4 (Well-Matched): Tone suits context with clear situational awareness,4 (Well Calibrated): Emotional intensity and type closely match the user’s expressed state,4 (Non-Escalatory): Supports the user without adding emotional escalation or moral judgment,5 (Optimally Integrated): Empathy is tightly aligned with the user’s needs and supports action or understanding.,4 (Well Aligned): Emotional framing is appropriate and context-aware,4 (Well-Matched): Tone suits context with clear situational awareness,4 (Well Calibrated): Emotional intensity and type closely match the user’s expressed state,4 (Non-Escalatory): Supports the user without adding emotional escalation or moral judgment,3 (Functionally Adequate): Empathy supports the task but is slightly over- or under-emphasized.,4 (Well Aligned): Emotional framing is appropriate and context-aware,4 (Well-Matched): Tone suits context with clear situational awareness,4 (Well Calibrated): Emotional intensity and type closely match the user’s expressed state,"5 (Carefully Balanced): Validates emotion while carefully avoiding added escalation, blame, or moral certainty",4 (Functionally Strong):  Empathy is proportionate and supports clarity or action.,4 (Well Aligned): Emotional framing is appropriate and context-aware,4 (Strong Memory): Maintains clear emotional context across turns with only minor gaps.,4 (Responsive):  Adjusts emotional tone appropriately across emotional shifts based on the user's emotional state with minor issues.,4 (Substantial Progress): Clear resolution path with actionable steps; user can proceed independently,
1/15/2026 17:14:24,"Yes, I consent to participate",Anita,Group A,A3,5 (Precisely Calibrated): Tone perfectly matches user state and topic gravity,"2 (Poorly Calibrated): Acknowledges emotion but at an incorrect level, noticeably exaggerating or minimizing the user’s experience","2 (Escalatory): Introduces unnecessary moral certainty, blame, or polarization that exceeds the user’s expression",3 (Functionally Adequate): Empathy supports the task but is slightly over- or under-emphasized.,2 (Noticeably Misaligned): Emotional framing feels out of place or unnecessarily heavy for the context,5 (Precisely Calibrated): Tone perfectly matches user state and topic gravity,"2 (Poorly Calibrated): Acknowledges emotion but at an incorrect level, noticeably exaggerating or minimizing the user’s experience","2 (Escalatory): Introduces unnecessary moral certainty, blame, or polarization that exceeds the user’s expression",5 (Optimally Integrated): Empathy is tightly aligned with the user’s needs and supports action or understanding.,4 (Well Aligned): Emotional framing is appropriate and context-aware,4 (Well-Matched): Tone suits context with clear situational awareness,4 (Well Calibrated): Emotional intensity and type closely match the user’s expressed state,4 (Non-Escalatory): Supports the user without adding emotional escalation or moral judgment,4 (Functionally Strong):  Empathy is proportionate and supports clarity or action.,3 (Generally Appropriate): Emotional framing fits the context with minor excess or restraint issues,4 (Well-Matched): Tone suits context with clear situational awareness,"2 (Poorly Calibrated): Acknowledges emotion but at an incorrect level, noticeably exaggerating or minimizing the user’s experience","3 (Mostly Neutral):  Mostly avoids escalation, with minor unnecessary framing or certainty",3 (Functionally Adequate): Empathy supports the task but is slightly over- or under-emphasized.,4 (Well Aligned): Emotional framing is appropriate and context-aware,"2 (Noticeable Mismatch): Tone somewhat off (overly upbeat when user is frustrated, dismissive when user is concerned, urgent when user is calm)","1 (Severely Miscalibrated): Emotion is significantly over- or under-scaled, misreads the user’s state, or applies inappropriate emotional intensity",1 (Severely Escalatory): Strongly amplifies emotion or moral judgment beyond the user’s framing; promotes adversarial or rigid interpretations.,2 (Weakly Supportive):  Emotion is acknowledged but poorly aligned with the user’s needs.,1 (Contextually Inappropriate): Uses clearly mismatched emotional or therapeutic framing that conflicts with the task,1 (Emotionally Fragmented): Treats each turn in isolation;  prior emotional context is ignored or contradicted,2 (Minimally Adaptive): Limited or delayed emotional adjustment; changes are mistimed or insufficient.,"1 (No Progress): Conversation circular, unhelpful, or situation worsened",
1/21/2026 14:37:58,"Yes, I consent to participate",Cindy,Group A,F1,4 (Well-Matched): Tone suits context with clear situational awareness,4 (Well Calibrated): Emotional intensity and type closely match the user’s expressed state,"5 (Carefully Balanced): Validates emotion while carefully avoiding added escalation, blame, or moral certainty",5 (Optimally Integrated): Empathy is tightly aligned with the user’s needs and supports action or understanding.,"5 (Contextually Precise): Emotional framing is perfectly matched to domain, stakes, and user intent",4 (Well-Matched): Tone suits context with clear situational awareness,"3 (Adequately Calibrated): Emotional response is generally appropriate, though somewhat imprecise or uneven","3 (Mostly Neutral):  Mostly avoids escalation, with minor unnecessary framing or certainty",4 (Functionally Strong):  Empathy is proportionate and supports clarity or action.,3 (Generally Appropriate): Emotional framing fits the context with minor excess or restraint issues,3 (Appropriate): Tone generally fits; no jarring mismatches,"3 (Adequately Calibrated): Emotional response is generally appropriate, though somewhat imprecise or uneven","3 (Mostly Neutral):  Mostly avoids escalation, with minor unnecessary framing or certainty",4 (Functionally Strong):  Empathy is proportionate and supports clarity or action.,4 (Well Aligned): Emotional framing is appropriate and context-aware,3 (Appropriate): Tone generally fits; no jarring mismatches,"3 (Adequately Calibrated): Emotional response is generally appropriate, though somewhat imprecise or uneven","2 (Escalatory): Introduces unnecessary moral certainty, blame, or polarization that exceeds the user’s expression",4 (Functionally Strong):  Empathy is proportionate and supports clarity or action.,2 (Noticeably Misaligned): Emotional framing feels out of place or unnecessarily heavy for the context,4 (Well-Matched): Tone suits context with clear situational awareness,4 (Well Calibrated): Emotional intensity and type closely match the user’s expressed state,"2 (Escalatory): Introduces unnecessary moral certainty, blame, or polarization that exceeds the user’s expression",4 (Functionally Strong):  Empathy is proportionate and supports clarity or action.,3 (Generally Appropriate): Emotional framing fits the context with minor excess or restraint issues,4 (Strong Memory): Maintains clear emotional context across turns with only minor gaps.,4 (Responsive):  Adjusts emotional tone appropriately across emotional shifts based on the user's emotional state with minor issues.,4 (Substantial Progress): Clear resolution path with actionable steps; user can proceed independently,N/A
1/21/2026 17:42:06,"Yes, I consent to participate",Cindy,Group A,N2,5 (Precisely Calibrated): Tone perfectly matches user state and topic gravity,5 (Precisely Calibrated): Emotion is interpreted and reflected with high accuracy and proportionality,"5 (Carefully Balanced): Validates emotion while carefully avoiding added escalation, blame, or moral certainty",4 (Functionally Strong):  Empathy is proportionate and supports clarity or action.,"5 (Contextually Precise): Emotional framing is perfectly matched to domain, stakes, and user intent",5 (Precisely Calibrated): Tone perfectly matches user state and topic gravity,5 (Precisely Calibrated): Emotion is interpreted and reflected with high accuracy and proportionality,4 (Non-Escalatory): Supports the user without adding emotional escalation or moral judgment,5 (Optimally Integrated): Empathy is tightly aligned with the user’s needs and supports action or understanding.,"5 (Contextually Precise): Emotional framing is perfectly matched to domain, stakes, and user intent",5 (Precisely Calibrated): Tone perfectly matches user state and topic gravity,4 (Well Calibrated): Emotional intensity and type closely match the user’s expressed state,"5 (Carefully Balanced): Validates emotion while carefully avoiding added escalation, blame, or moral certainty",4 (Functionally Strong):  Empathy is proportionate and supports clarity or action.,"5 (Contextually Precise): Emotional framing is perfectly matched to domain, stakes, and user intent",5 (Precisely Calibrated): Tone perfectly matches user state and topic gravity,5 (Precisely Calibrated): Emotion is interpreted and reflected with high accuracy and proportionality,"5 (Carefully Balanced): Validates emotion while carefully avoiding added escalation, blame, or moral certainty",5 (Optimally Integrated): Empathy is tightly aligned with the user’s needs and supports action or understanding.,"5 (Contextually Precise): Emotional framing is perfectly matched to domain, stakes, and user intent",5 (Precisely Calibrated): Tone perfectly matches user state and topic gravity,5 (Precisely Calibrated): Emotion is interpreted and reflected with high accuracy and proportionality,"5 (Carefully Balanced): Validates emotion while carefully avoiding added escalation, blame, or moral certainty",5 (Optimally Integrated): Empathy is tightly aligned with the user’s needs and supports action or understanding.,"5 (Contextually Precise): Emotional framing is perfectly matched to domain, stakes, and user intent","5 (Highly Coherent): Consistently integrates emotional context across the conversation without redundancy, contradiction, or drift.","5 (Highly Responsive): Smooth, timely emotional adjustment that closely tracks the user’s emotional trajectory.",5 (Problem Resolved): Problem fully resolved or comprehensive resolution path with all necessary information,N/A
1/21/2026 17:55:40,"Yes, I consent to participate",Cindy,Group A,A3,3 (Appropriate): Tone generally fits; no jarring mismatches,"3 (Adequately Calibrated): Emotional response is generally appropriate, though somewhat imprecise or uneven","2 (Escalatory): Introduces unnecessary moral certainty, blame, or polarization that exceeds the user’s expression",1 (Counterproductive): Empathy replaces or obstructs assistance; does not support user progress.,2 (Noticeably Misaligned): Emotional framing feels out of place or unnecessarily heavy for the context,3 (Appropriate): Tone generally fits; no jarring mismatches,"2 (Poorly Calibrated): Acknowledges emotion but at an incorrect level, noticeably exaggerating or minimizing the user’s experience",1 (Severely Escalatory): Strongly amplifies emotion or moral judgment beyond the user’s framing; promotes adversarial or rigid interpretations.,2 (Weakly Supportive):  Emotion is acknowledged but poorly aligned with the user’s needs.,2 (Noticeably Misaligned): Emotional framing feels out of place or unnecessarily heavy for the context,"2 (Noticeable Mismatch): Tone somewhat off (overly upbeat when user is frustrated, dismissive when user is concerned, urgent when user is calm)","1 (Severely Miscalibrated): Emotion is significantly over- or under-scaled, misreads the user’s state, or applies inappropriate emotional intensity",1 (Severely Escalatory): Strongly amplifies emotion or moral judgment beyond the user’s framing; promotes adversarial or rigid interpretations.,2 (Weakly Supportive):  Emotion is acknowledged but poorly aligned with the user’s needs.,2 (Noticeably Misaligned): Emotional framing feels out of place or unnecessarily heavy for the context,3 (Appropriate): Tone generally fits; no jarring mismatches,"2 (Poorly Calibrated): Acknowledges emotion but at an incorrect level, noticeably exaggerating or minimizing the user’s experience","2 (Escalatory): Introduces unnecessary moral certainty, blame, or polarization that exceeds the user’s expression",2 (Weakly Supportive):  Emotion is acknowledged but poorly aligned with the user’s needs.,2 (Noticeably Misaligned): Emotional framing feels out of place or unnecessarily heavy for the context,4 (Well-Matched): Tone suits context with clear situational awareness,4 (Well Calibrated): Emotional intensity and type closely match the user’s expressed state,"3 (Mostly Neutral):  Mostly avoids escalation, with minor unnecessary framing or certainty",4 (Functionally Strong):  Empathy is proportionate and supports clarity or action.,3 (Generally Appropriate): Emotional framing fits the context with minor excess or restraint issues,4 (Strong Memory): Maintains clear emotional context across turns with only minor gaps.,3 (Moderately Adaptive): Makes some appropriate adjustments to tone or approach,3 (Moderate Progress): User has some direction; partial or incomplete resolution path,N/A
1/21/2026 22:50:38,"Yes, I consent to participate",Monn Thwe Han ,Group B,N1,3 (Appropriate): Tone generally fits; no jarring mismatches,4 (Well Calibrated): Emotional intensity and type closely match the user’s expressed state,"5 (Carefully Balanced): Validates emotion while carefully avoiding added escalation, blame, or moral certainty",3 (Functionally Adequate): Empathy supports the task but is slightly over- or under-emphasized.,3 (Generally Appropriate): Emotional framing fits the context with minor excess or restraint issues,"2 (Noticeable Mismatch): Tone somewhat off (overly upbeat when user is frustrated, dismissive when user is concerned, urgent when user is calm)","3 (Adequately Calibrated): Emotional response is generally appropriate, though somewhat imprecise or uneven","5 (Carefully Balanced): Validates emotion while carefully avoiding added escalation, blame, or moral certainty",4 (Functionally Strong):  Empathy is proportionate and supports clarity or action.,2 (Noticeably Misaligned): Emotional framing feels out of place or unnecessarily heavy for the context,3 (Appropriate): Tone generally fits; no jarring mismatches,"3 (Adequately Calibrated): Emotional response is generally appropriate, though somewhat imprecise or uneven","3 (Mostly Neutral):  Mostly avoids escalation, with minor unnecessary framing or certainty",4 (Functionally Strong):  Empathy is proportionate and supports clarity or action.,4 (Well Aligned): Emotional framing is appropriate and context-aware,4 (Well-Matched): Tone suits context with clear situational awareness,5 (Precisely Calibrated): Emotion is interpreted and reflected with high accuracy and proportionality,4 (Non-Escalatory): Supports the user without adding emotional escalation or moral judgment,4 (Functionally Strong):  Empathy is proportionate and supports clarity or action.,"5 (Contextually Precise): Emotional framing is perfectly matched to domain, stakes, and user intent",4 (Well-Matched): Tone suits context with clear situational awareness,4 (Well Calibrated): Emotional intensity and type closely match the user’s expressed state,4 (Non-Escalatory): Supports the user without adding emotional escalation or moral judgment,5 (Optimally Integrated): Empathy is tightly aligned with the user’s needs and supports action or understanding.,"5 (Contextually Precise): Emotional framing is perfectly matched to domain, stakes, and user intent",4 (Strong Memory): Maintains clear emotional context across turns with only minor gaps.,4 (Responsive):  Adjusts emotional tone appropriately across emotional shifts based on the user's emotional state with minor issues.,5 (Problem Resolved): Problem fully resolved or comprehensive resolution path with all necessary information,
1/21/2026 22:54:22,"Yes, I consent to participate",Fnu,Group C,F2,4 (Well-Matched): Tone suits context with clear situational awareness,4 (Well Calibrated): Emotional intensity and type closely match the user’s expressed state,"5 (Carefully Balanced): Validates emotion while carefully avoiding added escalation, blame, or moral certainty",4 (Functionally Strong):  Empathy is proportionate and supports clarity or action.,4 (Well Aligned): Emotional framing is appropriate and context-aware,3 (Appropriate): Tone generally fits; no jarring mismatches,"3 (Adequately Calibrated): Emotional response is generally appropriate, though somewhat imprecise or uneven","3 (Mostly Neutral):  Mostly avoids escalation, with minor unnecessary framing or certainty",4 (Functionally Strong):  Empathy is proportionate and supports clarity or action.,4 (Well Aligned): Emotional framing is appropriate and context-aware,4 (Well-Matched): Tone suits context with clear situational awareness,5 (Precisely Calibrated): Emotion is interpreted and reflected with high accuracy and proportionality,"5 (Carefully Balanced): Validates emotion while carefully avoiding added escalation, blame, or moral certainty",5 (Optimally Integrated): Empathy is tightly aligned with the user’s needs and supports action or understanding.,"5 (Contextually Precise): Emotional framing is perfectly matched to domain, stakes, and user intent",4 (Well-Matched): Tone suits context with clear situational awareness,5 (Precisely Calibrated): Emotion is interpreted and reflected with high accuracy and proportionality,"5 (Carefully Balanced): Validates emotion while carefully avoiding added escalation, blame, or moral certainty",5 (Optimally Integrated): Empathy is tightly aligned with the user’s needs and supports action or understanding.,4 (Well Aligned): Emotional framing is appropriate and context-aware,4 (Well-Matched): Tone suits context with clear situational awareness,4 (Well Calibrated): Emotional intensity and type closely match the user’s expressed state,4 (Non-Escalatory): Supports the user without adding emotional escalation or moral judgment,5 (Optimally Integrated): Empathy is tightly aligned with the user’s needs and supports action or understanding.,4 (Well Aligned): Emotional framing is appropriate and context-aware,4 (Strong Memory): Maintains clear emotional context across turns with only minor gaps.,4 (Responsive):  Adjusts emotional tone appropriately across emotional shifts based on the user's emotional state with minor issues.,5 (Problem Resolved): Problem fully resolved or comprehensive resolution path with all necessary information,
1/21/2026 23:01:30,"Yes, I consent to participate",Monn Thwe Han,Group B,A2,4 (Well-Matched): Tone suits context with clear situational awareness,4 (Well Calibrated): Emotional intensity and type closely match the user’s expressed state,4 (Non-Escalatory): Supports the user without adding emotional escalation or moral judgment,3 (Functionally Adequate): Empathy supports the task but is slightly over- or under-emphasized.,3 (Generally Appropriate): Emotional framing fits the context with minor excess or restraint issues,4 (Well-Matched): Tone suits context with clear situational awareness,"3 (Adequately Calibrated): Emotional response is generally appropriate, though somewhat imprecise or uneven","2 (Escalatory): Introduces unnecessary moral certainty, blame, or polarization that exceeds the user’s expression",3 (Functionally Adequate): Empathy supports the task but is slightly over- or under-emphasized.,2 (Noticeably Misaligned): Emotional framing feels out of place or unnecessarily heavy for the context,"2 (Noticeable Mismatch): Tone somewhat off (overly upbeat when user is frustrated, dismissive when user is concerned, urgent when user is calm)","2 (Poorly Calibrated): Acknowledges emotion but at an incorrect level, noticeably exaggerating or minimizing the user’s experience","2 (Escalatory): Introduces unnecessary moral certainty, blame, or polarization that exceeds the user’s expression",2 (Weakly Supportive):  Emotion is acknowledged but poorly aligned with the user’s needs.,3 (Generally Appropriate): Emotional framing fits the context with minor excess or restraint issues,"2 (Noticeable Mismatch): Tone somewhat off (overly upbeat when user is frustrated, dismissive when user is concerned, urgent when user is calm)","3 (Adequately Calibrated): Emotional response is generally appropriate, though somewhat imprecise or uneven","3 (Mostly Neutral):  Mostly avoids escalation, with minor unnecessary framing or certainty",3 (Functionally Adequate): Empathy supports the task but is slightly over- or under-emphasized.,4 (Well Aligned): Emotional framing is appropriate and context-aware,"2 (Noticeable Mismatch): Tone somewhat off (overly upbeat when user is frustrated, dismissive when user is concerned, urgent when user is calm)","3 (Adequately Calibrated): Emotional response is generally appropriate, though somewhat imprecise or uneven","3 (Mostly Neutral):  Mostly avoids escalation, with minor unnecessary framing or certainty",1 (Counterproductive): Empathy replaces or obstructs assistance; does not support user progress.,3 (Generally Appropriate): Emotional framing fits the context with minor excess or restraint issues,4 (Strong Memory): Maintains clear emotional context across turns with only minor gaps.,2 (Minimally Adaptive): Limited or delayed emotional adjustment; changes are mistimed or insufficient.,2 (Minimal Progress): Some information provided but no clear path forward,
1/21/2026 23:04:23,"Yes, I consent to participate",Fnu,Group C,A1,4 (Well-Matched): Tone suits context with clear situational awareness,5 (Precisely Calibrated): Emotion is interpreted and reflected with high accuracy and proportionality,"5 (Carefully Balanced): Validates emotion while carefully avoiding added escalation, blame, or moral certainty",4 (Functionally Strong):  Empathy is proportionate and supports clarity or action.,3 (Generally Appropriate): Emotional framing fits the context with minor excess or restraint issues,3 (Appropriate): Tone generally fits; no jarring mismatches,4 (Well Calibrated): Emotional intensity and type closely match the user’s expressed state,"2 (Escalatory): Introduces unnecessary moral certainty, blame, or polarization that exceeds the user’s expression",2 (Weakly Supportive):  Emotion is acknowledged but poorly aligned with the user’s needs.,2 (Noticeably Misaligned): Emotional framing feels out of place or unnecessarily heavy for the context,5 (Precisely Calibrated): Tone perfectly matches user state and topic gravity,"1 (Severely Miscalibrated): Emotion is significantly over- or under-scaled, misreads the user’s state, or applies inappropriate emotional intensity",1 (Severely Escalatory): Strongly amplifies emotion or moral judgment beyond the user’s framing; promotes adversarial or rigid interpretations.,1 (Counterproductive): Empathy replaces or obstructs assistance; does not support user progress.,1 (Contextually Inappropriate): Uses clearly mismatched emotional or therapeutic framing that conflicts with the task,4 (Well-Matched): Tone suits context with clear situational awareness,4 (Well Calibrated): Emotional intensity and type closely match the user’s expressed state,4 (Non-Escalatory): Supports the user without adding emotional escalation or moral judgment,4 (Functionally Strong):  Empathy is proportionate and supports clarity or action.,4 (Well Aligned): Emotional framing is appropriate and context-aware,"2 (Noticeable Mismatch): Tone somewhat off (overly upbeat when user is frustrated, dismissive when user is concerned, urgent when user is calm)","2 (Poorly Calibrated): Acknowledges emotion but at an incorrect level, noticeably exaggerating or minimizing the user’s experience","2 (Escalatory): Introduces unnecessary moral certainty, blame, or polarization that exceeds the user’s expression",2 (Weakly Supportive):  Emotion is acknowledged but poorly aligned with the user’s needs.,2 (Noticeably Misaligned): Emotional framing feels out of place or unnecessarily heavy for the context,2 (Weak Continuity): Inconsistent emotional carryover; earlier emotions are often lost or overwritten,3 (Moderately Adaptive): Makes some appropriate adjustments to tone or approach,3 (Moderate Progress): User has some direction; partial or incomplete resolution path,
1/21/2026 23:10:57,"Yes, I consent to participate",Fnu,Group C,F3,4 (Well-Matched): Tone suits context with clear situational awareness,"3 (Adequately Calibrated): Emotional response is generally appropriate, though somewhat imprecise or uneven",4 (Non-Escalatory): Supports the user without adding emotional escalation or moral judgment,4 (Functionally Strong):  Empathy is proportionate and supports clarity or action.,4 (Well Aligned): Emotional framing is appropriate and context-aware,4 (Well-Matched): Tone suits context with clear situational awareness,4 (Well Calibrated): Emotional intensity and type closely match the user’s expressed state,4 (Non-Escalatory): Supports the user without adding emotional escalation or moral judgment,4 (Functionally Strong):  Empathy is proportionate and supports clarity or action.,4 (Well Aligned): Emotional framing is appropriate and context-aware,3 (Appropriate): Tone generally fits; no jarring mismatches,4 (Well Calibrated): Emotional intensity and type closely match the user’s expressed state,"3 (Mostly Neutral):  Mostly avoids escalation, with minor unnecessary framing or certainty",4 (Functionally Strong):  Empathy is proportionate and supports clarity or action.,4 (Well Aligned): Emotional framing is appropriate and context-aware,3 (Appropriate): Tone generally fits; no jarring mismatches,4 (Well Calibrated): Emotional intensity and type closely match the user’s expressed state,4 (Non-Escalatory): Supports the user without adding emotional escalation or moral judgment,4 (Functionally Strong):  Empathy is proportionate and supports clarity or action.,"5 (Contextually Precise): Emotional framing is perfectly matched to domain, stakes, and user intent",3 (Appropriate): Tone generally fits; no jarring mismatches,"2 (Poorly Calibrated): Acknowledges emotion but at an incorrect level, noticeably exaggerating or minimizing the user’s experience","3 (Mostly Neutral):  Mostly avoids escalation, with minor unnecessary framing or certainty",2 (Weakly Supportive):  Emotion is acknowledged but poorly aligned with the user’s needs.,3 (Generally Appropriate): Emotional framing fits the context with minor excess or restraint issues,4 (Strong Memory): Maintains clear emotional context across turns with only minor gaps.,3 (Moderately Adaptive): Makes some appropriate adjustments to tone or approach,4 (Substantial Progress): Clear resolution path with actionable steps; user can proceed independently,
1/22/2026 0:37:14,"Yes, I consent to participate",Jocelyn,Group B,N3,5 (Precisely Calibrated): Tone perfectly matches user state and topic gravity,4 (Well Calibrated): Emotional intensity and type closely match the user’s expressed state,4 (Non-Escalatory): Supports the user without adding emotional escalation or moral judgment,5 (Optimally Integrated): Empathy is tightly aligned with the user’s needs and supports action or understanding.,4 (Well Aligned): Emotional framing is appropriate and context-aware,4 (Well-Matched): Tone suits context with clear situational awareness,4 (Well Calibrated): Emotional intensity and type closely match the user’s expressed state,"5 (Carefully Balanced): Validates emotion while carefully avoiding added escalation, blame, or moral certainty",5 (Optimally Integrated): Empathy is tightly aligned with the user’s needs and supports action or understanding.,"5 (Contextually Precise): Emotional framing is perfectly matched to domain, stakes, and user intent",4 (Well-Matched): Tone suits context with clear situational awareness,4 (Well Calibrated): Emotional intensity and type closely match the user’s expressed state,4 (Non-Escalatory): Supports the user without adding emotional escalation or moral judgment,4 (Functionally Strong):  Empathy is proportionate and supports clarity or action.,4 (Well Aligned): Emotional framing is appropriate and context-aware,5 (Precisely Calibrated): Tone perfectly matches user state and topic gravity,4 (Well Calibrated): Emotional intensity and type closely match the user’s expressed state,4 (Non-Escalatory): Supports the user without adding emotional escalation or moral judgment,4 (Functionally Strong):  Empathy is proportionate and supports clarity or action.,4 (Well Aligned): Emotional framing is appropriate and context-aware,5 (Precisely Calibrated): Tone perfectly matches user state and topic gravity,5 (Precisely Calibrated): Emotion is interpreted and reflected with high accuracy and proportionality,4 (Non-Escalatory): Supports the user without adding emotional escalation or moral judgment,4 (Functionally Strong):  Empathy is proportionate and supports clarity or action.,4 (Well Aligned): Emotional framing is appropriate and context-aware,"3 (Adequate Memory):  Generally maintains emotional context, but with lapses; avoids dismissive errors but may miss nuances","5 (Highly Responsive): Smooth, timely emotional adjustment that closely tracks the user’s emotional trajectory.",5 (Problem Resolved): Problem fully resolved or comprehensive resolution path with all necessary information,